COD.PROD;PRODUCTO;TOTAL
77625;jugo ades manzana t.b.              x1lt;166302,85
77667;VINO TERMIDOR TINTO TETRA BRICK     X1LT;139342,03
77318;jugo ades manzana t.b.            x200cc;78245,11
20008;JABON POLVO ZORRO REGULAR BIOCR.- X400GR;78200,53
33001;AZUCAR SURCO                        X1KG;68392,45
17174;PAÐAL BABYSAN GRANDE -3382-         X9UN;56991,96
17097;PAÐAL BABYSAN EX-GRANDE-3383-       X8UN;53551,19
20471;JABON POLVO ALA REG.MULTIACC.-0125-X400G;43957,22
17579;ROLLO COCINA SOL MAYOR -            X3UN;42205,27
4137;YERBA LA TRANQUERA SAQUITOS -576-  X25UN;41690,59
24020;HARINA BONANZA -                    X1KG;40424,57
9221;ARROZ 53 BLUE BONET -73258-       X500GR;39868,14
17162;PAÐAL BABYSAN EXXGDE-3488-          X8UN;39592,26
91048;QUESO CREMOSO LA UNION               XKG;39454,92
17150;TOALLA LADYSOFT NOR/SUA.C/ALAS-9608-X8UN;38002,60
1654;GALLETA LIA MEDIA TARDE  -3363-   X330GR;36680,09
4180;YERBA COMPUESTA CBSE -3201-       X500GR;36381,76
50148;ESPIRAL X-5                         X4UN;33438,93
20478;JABON POLVO ALA REG.C/VIV.MULTIAC.X400GR;33006,59
7379;VINO MICHEL TORINO SELECCION TTO -X700CC;32658,72
17595;PAPEL HIG.HIGIENOL SIN FIN -60MT-   X6UN;30599,08
91150;QUESO CREMOSO WINDY  -            XKG;29887,12
20118;JABON POLVO ALA REG.SOL MULTIACC. X400GR;29106,24
50064;INSECTICIDA X-5 MMM DOBLE ACC.AER.X360CC;27976,65
32043;LECHE POLVO NIDO+NUTRICION LATA - X800GR;26698,77
91002;QUESO CREMOSO RAMOLAC                XKG;25651,45
4018;YERBA COMPUESTA CBSE              X250GR;24263,37
4035;YERBA AMANDA                      X500GR;23904,99
17448;PAPEL HIG.HIGIENOL RINDE 50M NVA IMA.X4U;23891,41
91268;QUESO CREMOSO NOAL -001-             XKG;23693,37
4111;YERBA CACHAMATE ROSA              X500GR;23133,37
93045;MORTADELA CAÐON PALADINI -20552-     XKG;23105,04
92232;SALCHICHA VIENA 66        -140-     X6UN;22938,61
9190;FIDEO LA PROVIDENCIA SPAGUETTI    X500GR;22377,52
25267;MAYONESA HELLMANNS        -5968-  X118GR;21804,51
92235;MEDALLON DE CARNE FRIAR -         X114GR;21587,17
77076;JUGO INCA BC NARANJA SOBRE-        X30GR;21271,15
24007;HARINA LA TERESINA                 -X1KG;21243,24
77795;FERNET BRANCA                     X450CC;21127,76
23113;ACEITE COCINERO GIRASOL -7.77-    X1.5LT;21040,69
4054;TE LA VIRGINIA SAQ.PAPEL FILT.RAP. X25UN;20873,24
91237;QUESO TYBO RAMOLAC-002-              XKG;20492,22
32051;LECHE LV MILKAUT-2134-ENT.VIT.A,DYC X1LT;20022,31
50007;INSECTICIDA RAID MMM -293-        X420CC;19492,15
6385;PICADILLO LA BLANCA DE CARNE       X90GR;19348,50
29035;CALDO KNORR GALLINA REC. COLEC.    X12UN;19107,72
34024;GRASA DE VACA SWIFT               X500GR;18607,26
77292;VINO FRIZZE EVOLUTION BLUE -14270-X750CC;18510,30
93101;MORTADELA BOLOGÐA CAÐON LARIO  -3-   XKG;17846,06
17627;PAPEL HIG.CAMPANITA CLASSIC 30MT-   X1UN;17830,27
29007;CALDO KNORR VERDURA REC.COLEC.     X12UN;17286,80
13286;LAVANDINA TRADIC.X-5 BOTELLA -9029- X1LT;17211,73
77623;jugo ades naranja t.b. -135994-     x1lt;17024,85
6372;CABALLA ACEITE PENNISI            X380GR;16690,78
91049;QUESO TYBO LA UNION                  XKG;16472,00
4142;YERBA CACHAMATE COMPUESTA-269-   X500GR;16124,35
93013;SALAME T/MILAN 66 AL VACIO -42-      XKG;15463,36
25197;MAYONESA HELLMANNS DOY PACK-953266-X250C;15219,65
4043;YERBA BROCHE DE ORO               X500GR;14957,29
1175;GALLETA PINDY CRACKERS            X330GR;14950,46
11420;PURE TOMATE ALCO                  X260GR;14855,46
18195;VELAS FAROLITO -297-               X68GR;14756,34
10122;DURAZNO MORA MITADES              X820GR;14650,30
77665;VINO TERMIDOR BLANCO TETRA BRICK    X1LT;14560,11
1085;GALLETA BAGLEY SALVADO -9995-     X642GR;14456,57
7317;VINO VIÐAS DE BALBO BORGOÐA     X1.250LT;14400,89
90074;LECHE RAMOLAC ENTERA SACHET         X1LT;14294,32
91005;QUESO BARRA WINDY -                  XKG;14247,57
21052;SAL MANTO BLANCO FINA             X500GR;14179,29
7823;GASEOSA PEPSI COLA -61-             X2LT;14080,62
17437;PAPEL HIG.HIGIENOL EXPORT 30M-1465- X6UN;14068,57
92910;MEDALLON CARNE SWIFT CLASICA-21526- X2UN;13516,20
50015;TABLETA P/MOSQUITO RAID     -098-  X24UN;13515,10
24004;HARINA LEUDANTE BLANCAFLOR          X1KG;13346,36
11044;PURE TOMATE MORA                  X520GR;13291,95
11411;PURE TOMATE ALCO TETRA BRICK      X520GR;13247,46
7602;SODA MANAOS SIFON -                 X2LT;12782,10
77796;FERNET BRANCA                     X750CC;12451,83
32052;LECHE LV MILKAUT-2132-DES.VIT.A,DYC X1LT;12415,94
25201;MAYONESA FANACOA SACHET-944802-   X118GR;12391,92
17247;PAÐAL BABYSEC ULTRA HIPER GDE-4147-X60UN;12388,29
17689;ROLLO COCINA SUSSEX EXTRA 50 PAÐOS  X3UN;12371,80
17106;PAÐAL BABYSAN MEDIANO -3381-      X10UN;12301,49
77666;VINO TERMIDOR ROSADO TETRA BRICK    X1LT;11749,23
17509;PAÐAL BABYSEC CLASICO TANGA XGDE -  X8UN;11540,95
17506;PAÐAL BABYSEC CLASICO TANGA GDE -   X9UN;11500,91
9137;FIDEO LA PROVIDENCIA SPAGUETTI -    X5KG;11442,71
17249;PAÐAL BABYSEC ULTRA HIPER XG       X48UN;11217,42
19008;ALCOHOL FRAU PURO PVC             X250CC;10763,15
21313;SAL CELUSAL FINA PAQUETE          X500GR;10685,14
17891;PAÐAL BABYSEC ULTRA EX.GDE.C/BA-4198-X8U;10660,00
17111;PAÐAL BABYSEC ULTRA GDE.C/BARRERA   X9UN;10643,74
9651;ARROZ SUSARELLI LARGO FINO-93244- X500GR;10453,39
4050;CAFE LA VIRGINIA MOLIDO SAQUITO-   X20UN;10441,72
91050;QUESO SARDO LA UNION                 XKG;10423,09
23097;aceite cocinero girasol -4.57-    x900cc;10376,99
50147;ESPIRAL X-5 -266-                 X12 UN;10364,11
3050;POLENTA PRESTOPRONTA-6600-        X500GR;10200,95
20480;JABON POLVO ALA MATIC MULTIAC.    X400GR;10189,63
17250;PAÐAL BABYSEC ULTRA HIPER XXG-4189-X48UN;10151,35
6090;PICADILLO SWIFT DE CARNE -         X90GR;10004,23
23117;ACEITE LEGITIMO GIRASOL PVC-4.24- X900CC;9828,39
90546;YOGUR MANFREY-60305-BEB.FRUTILLA    X1KG;9815,16
20441;JABON PAN ALA (ESPUMA)            X200GR;9785,42
1192;GALLETA BAGLEY SURTIDO -6803-     X400GR;9731,02
92028;HAMBURGUESA PATY FINAS -2014-       X2UN;9490,13
20481;JABON POLVO ALA MATIC SOL MULTIAC.X400GR;9441,17
77649;JUGO ENERGIZANTE SPEED-UNLIMITED  X250CC;9327,60
25127;mostaza savora-207529-aniv.sachet  x60gr;9075,36
20228;JABON TOC.KENIA VARIEDAD-1266-    3X90GR;8942,16
17222;ALGODON ESTRELLA PREMIUM -10178-   X75GR;8863,18
17028;PAPEL HIG.CAMPANITA CLASSIC -30MT-  X4UN;8746,79
9209;ARROZ PELEADOR BLUE BONET           X1KG;8507,67
17879;PAPEL HIG.FIRULETE                  X1UN;8410,55
4108;YERBA NOBLEZA GAUCHA AZUL-55256-  X500GR;8394,32
93081;SALAME T/MILAN FELA -17772-          XKG;8384,11
92006;SALCHICHA VIENA CARCARAÐA -         X6UN;8280,12
90399;yogur yoguris-508-frut.fort.ent. x1000gr;8236,26
29177;CALDO WILDE GALLINA      -8205-    X12UN;8179,22
90072;ACTIMEL-574-FRUTILLA PACK        6X100GR;8154,39
13190;LAVANDINA AYUDIN MAXIMA PUREZA-     X1LT;8007,23
9761;FIDEO LUCCHETTI SPAGHETTI-30896-  X500GR;7960,71
4610;YERBA PERIQUITA                   X500GR;7927,76
31830;CREMA DENTAL COLGATE -143-         X70GR;7891,26
20831;JABON POLVO ACE TRAD.REG.         X400GR;7799,94
27053;SECADOR DE GOMA SACCHI (40 CM)      X1UN;7539,69
1327;GALLETA BAGLEY TRAVIATA -8722-    X303GR;7515,55
25056;MAYONESA HELLMANNS BOLSA-7093- X2900CC;7499,96
24014;HARINA FAVORITA 0000-11812-         X1KG;7468,30
13621;SUAVIZANTE BORITA DOY PACK -1007- X900CC;7441,91
11372;PURE TOMATE NOEL TETRA BRICK-019- X520GR;7417,15
29076;SOPA KNORR CASERA POLLO C/CAB.ANG.   XUN;7416,99
6373;CABALLA ACEITE PUGLISI            X380GR;7396,96
13523;DETERGENTE BORA SACHET   -8002-   X135CC;7319,23
25272;MAYONESA HELLMANNS DOY PACK -5970-X500CC;7290,37
20119;JABON POLVO DRIVE REG.BRISA TARDE X400GR;7248,74
92342;SALCHICHA VIENA DON OTTO            X6UN;7222,63
3390;PAN RALLADO PREFERIDO-2835-       X500GR;7152,62
1697;VAINILLA MAURI         -DH600-     X80GR;7083,20
17026;PAÐAL HUGGIES CLASSIC XG -97442-    X8UN;6976,42
17493;PAPEL HIG.CAMPANITA CLAS.30MT-008-  X6UN;6884,60
7374;JUGO BAGGIO DURAZNO T.BRIK -        X1LT;6724,31
17071;PAÐAL HUGGIES CLASSIC XXG -97443-   X8UN;6615,58
9245;FIDEO LA PROVIDENCIA MOÐO -       X500GR;6606,92
93203;FIAMBRE AMERC.CRISTAL BIERZO-433-    XKG;6601,17
38055;ACEITUNA VERDE LA RIOJANITA P.PACK X130G;6552,97
90138;YOGUR YOGURIS.-957-CREMIX FRUT.  4X120GR;6467,75
13206;DETERGENTE ALA LIMON -            X750CC;6453,07
90291;MANTECA COTAMPO PAN ALUM.-        X100GR;6448,14
13045;LUSTRAMUEBLE BLEM AEROSOL  -160-  X360CC;6442,03
86010;LEVADURA DUQUESA -                X500GR;6423,68
4045;YERBA BROCHE DE ORO               X250GR;6411,32
20479;JABON POLVO ALA MATIC VIV.VIOL.MULT.X400;6404,36
11440;TOMATE TRITURADO LA RIOJANITA D.P X500GR;6369,43
50078;INSECTICIDA RAID MMM AER.-078-    X360CC;6339,81
4085;YERBA LA TRANQUERA SAQUITO-577-    X50UN;6271,46
92316;SALCHICHA VIENA PANCHIN             X6UN;6206,96
23114;VINAGRE FRAU ALCOHOL PVC          X950CC;6203,54
21127;PIMENTON LA CAMPIÐA EXTRA-11392-    X1KG;6192,19
77368;jugo ades naranja t.b.            x200cc;6110,33
3389;REBOZADOR PREFERIDO-2690-         X500GR;6070,01
29138;SOPA KNORR CASERA VER.C/ARROZ-5025- X1UN;5954,38
13601;SUAVIZANTE BORITA AROMA SOL -1004-X900CC;5933,52
41003;SHAMPOO SEDAL CERAMIDAS -931641-   X10ML;5901,06
37069;MAQ.AF.PRESTOBARBA ULTRAG.FIJO BOL. X5UN;5852,49
20281;JABON POLVO ACE NAT.C/SUAV.REG.-  X400GR;5832,28
41021;SHAMPOO PLUSBELLE CERAM.ACTIVAS     X1LT;5830,82
77196;APERITIVO GANCIA -10000-          X950CC;5805,11
11094;TOMATE TRITURADO LA RIOJANITA BOT.  X1KG;5729,09
20170;JABON POLVO DRIVE REG.FRESC.MAR   X400GR;5680,14
17245;PAÐAL BABYSEC ULTRA HIPER MED-4146-X72UN;5654,25
90588;YOGUR YOGURIS-908-FIRME FRUT.PACK4X125G;5634,48
17126;PAPEL HIG.HIGIENOL MAX NUEVA IMAGEN-X6UN;5622,51
9226;FIDEO LA PROVIDENCIA CODO -       X500GR;5596,43
90028;YOGUR RAMOLAC ENT.SACH.FRUTILLA-X1000GR;5591,00
17477;PAÐAL BABYSAN PEQUEÐO-3380-        X12UN;5506,63
9222;ARROZ 53 BLUE BONET -73257-         X1KG;5482,54
41011;SHAMPOO SEDAL CREMA -932112-       X10ML;5466,25
18156;LAMPARA PHILIPS HALOGENA ECOCLAS.53W-XUN;5444,02
90835;POSTRE DANONINO-094-MAXI FRUTILLA 2X70GR;5424,49
20179;JABON POLVO SKIP INTEL.PERF.R-229-X400GR;5326,86
9235;FIDEO LA PROVIDENCIA TIRABUZON -  X500GR;5324,01
20306;JABON POLVO ZORRO REGULAR BIOCRIST- X3KG;5306,40
93071;PALETA DE CERDO COCIDA FRIGOFE -     XKG;5263,89
20437;JABON POLVO ACE NAT.C/SUAV.MINI.    X3KG;5261,82
4171;YERBA TARAGUI SAQUITO    -100072-  X25UN;5244,85
20009;JABON PAN GIGANTE LIMP.CLASICA-   X200GR;5233,15
7605;JUGO GATORADE FRUTAS TROPIC.-1099-X473CC;5229,03
4083;YERBA LA HOJA                     X500GR;5206,54
3088;BURGOL JOSE LOPEZ FINO            X500GR;5189,01
90547;YOGUR MANFREY-60306-BEB.VAINILLA    X1KG;5172,38
90583;YOGUR YOGURIS-908-FIRME VAIN.PACK4X125G;5164,49
77644;jugo ades fruta tropical t.b-135992-x1lt;5126,59
6003;SARDINA ACEITE GOMEZ DA COSTA     X125GR;5125,83
31202;TALCO REXONA EFFICIENT POLVO-4725-X100GR;5104,61
5009;CACAO ZUCOA VITAMINAS -93215-     X180GR;5059,19
77222;JUGO BAGGIO MULTIFRUTA T.B.-12597-  X1LT;5011,02
90948;YOGUR MANFREY YOFREY ENT.FRUTILLA X120GR;5009,08
78030;JUGO INCA BC MULTIFRUTAS SOBRE -   X30GR;5002,04
90390;yogur yoguris-508-vain.fort.ent. x1000gr;4918,11
93064;FIAMBRE COCIDO PALETA D/CERDO LARIO- XKG;4900,73
13418;SUAVIZANTE BORITA CAR.MAMA-121011-X900CC;4900,15
28329;DULCE LECHE GJA.DE ORO FAMIL-40300-X250G;4846,88
29091;SOPA KNORR CASERA VEG.C/LETRA-97536- XUN;4843,64
90001;MANTECA RAMOLAC PAN ALUM.         X100GR;4833,29
28484;DULCE LECHE MANFREY-40104-        X400GR;4815,47
29104;SOPA KNORR CREMA POLLO-236445-       XUN;4814,49
50068;INSECTICIDA RAID MMM S/OLOR -444- X360CC;4764,80
6048;VIANDADA LA BLANCA -17176-        X332GR;4722,18
13172;DESINFECT.LYSOFORM CLASICO-375-   X360CC;4674,33
9762;FIDEO LUCCHETTI TALLARIN-30897-   X500GR;4673,05
29178;CALDO WILDE VERDURA      -8202-    X12UN;4609,58
18271;FOSFOROS FAMILIAR                 X220UN;4603,42
18081;LAMPARA OSRAM DULUX VALUE 20W/865 -  XUN;4580,07
31107;CREMA DENTAL COLG.HERBAL BCO-13366-X90GR;4571,81
32111;LECHE SANCOR BEBE 1-0 A 6 M-3795- X250CC;4565,96
90457;YOGUR RAMOLAC C/CER.ENTERO        X140GR;4557,78
93455;MORTADELA VEJIGA RECREO -110-        XKG;4553,84
29072;SOPA KNORR CREMA CHOCLO -            XUN;4540,11
31136;DESOD.REXONA ODORONO-237143- POTE  X60GR;4529,71
13135;LIMP.LIQ.POETT LAVANDA    -2615-  X900CC;4523,97
18158;LAMPARA SOL DE NOCHE HALOG.70W       XUN;4517,79
29006;CALDO MAGGI GALLINA-12177182-      X12UN;4484,34
13622;SUAVIZANTE BORITA BEBE DOY P-2152-X900CC;4480,71
13065;DETERGENTE ALA PODER NATUR.-236015-X750C;4449,93
17139;PAPEL HIG.HIGIENOL MAX N/IMAG.100MT-X4UN;4438,88
4288;CAFE LA VIRGINIA EQUILIBRADO-5322-X125GR;4432,23
20482;JABON POLVO ALA MAT. C/VIV.CEL.MUL.X400G;4417,22
28033;DULCE LECHE GRANJA DE ORO FAMILIAR-X400G;4397,37
95021;TAPA P/PASCUALINA LA TUCUMANITA     X2UN;4385,00
17505;PAÐAL HUGGIES CLASSIC GDE-96595-    X9UN;4378,68
90375;YOGUR RAMOLAC C/CER.FRUTILLA ENT. X140GR;4375,76
5015;CACAO NESQUIK BOLSA -12179777-    X180GR;4317,02
27233;TRAPO PISO M.NARAN.GRIS COMP.NVA MED.XUN;4302,26
36026;QUESO RALLADO CHELITA CAJA         X40GR;4293,55
18222;LAMPARA OSRAM HALOGENA CLAS.A 53W   XUN;4273,80
24002;HARINA FAVORITA 000-12415-          X1KG;4263,15
50029;ESPIRAL RAID COUNTRY FRESH -441-   X12UN;4253,84
78027;JUGO INCA BC NARANJA-BANANA SOBRE- X30GR;4228,02
13287;LAVANDINA TRADIC.X-5 SACHET -9030-X250CC;4223,98
13331;DETERGENTE ALA GLICERINA -236011- X750CC;4220,60
41347;ACOND.PLUSBELLE CERAMIDAS C/AMINOB- X1LT;4215,27
20253;JABON POLVO ZORRO REGULAR BIOCRIST-X800G;4186,84
13007;DETERGENTE MAGISTRAL LIMON        X300ML;4167,98
20490;JABON POLVO ALA REGULAR MULTIACC. X800GR;4154,67
4601;YERBA PERIQUITA                     X1KG;4131,54
41087;SHAMPOO PLUSBELLE ALGAS MARINAS     X1LT;4119,45
17392;PAÐAL BABYSEC ULT.TRI/GRANDE       X30UN;4114,09
90126;ACTIMEL-574-MULTIFRUTA PACK      6X100GR;4070,81
29029;CALDO MAGGI VERDURA-12179082-      X12UN;4024,55
78025;JUGO INCA BC ANANA SOBRE-          X30GR;4018,82
1035;GALLETA TERRABUSI VARIEDAD-       X400GR;4016,42
78029;JUGO INCA BC ANANA-BANANA SOBRE-   X30GR;4012,44
1044;GALLETA LIA DESFILE  -6807-       X400GR;4004,79
19104;LA GOTITA POMO                      X2GR;4001,62
1331;GALLETA MAURI S/SAL               X400GR;3998,42
21035;PIMENTON VILLA RICA -              X25GR;3956,34
92166;HAMBURGUESA PALADINI -23069-        X2UN;3918,41
17056;PAPEL HIG.HIGIENOL EXPORT 30M PLUS  X4UN;3903,26
9248;FIDEO LA PROVIDENCIA MOÐO -         X5KG;3899,63
41215;CREMA DENTAL KOLYNOS S/BLANCA-12005-X70G;3864,53
90950;YOGUR MANFREY YOFREY ENT.VAINILLA X120GR;3845,40
20180;JABON POLVO DRIVE REG.DISF.ATARD. X400GR;3837,01
93513;MORTADELA LA PIAMONTESA GIGANTE-1103-XKG;3821,60
17253;ROLLO COCINA SUSSEX ULT.60 PAÐ.-653-X3UN;3800,90
4004;YERBA LA TRANQUERA -590-          X500GR;3769,13
13502;DESINFECT.LYSOFORM LAVANDA AER.   X360CC;3762,13
1698;GALLETA MAURI FAUNA       -DS621- X150GR;3748,40
90029;YOGUR RAMOLAC ENT.SACH.VAINILLA-X1000GR;3738,15
92002;SALCHICHA VIENA VIENISSIMA-60884-   X6UN;3735,48
29108;PURE PAPA KNORR           -13659- X125GR;3730,96
17415;PAPEL HIG.HIGIENOL EXPORT 30M-1463- X4UN;3717,35
31894;CREMA DENTAL COLGATE ORIG.-140- X180GR;3687,13
90115;LECHE LA SERENISIMA C/CALC.ENT.SACH-X1LT;3682,45
4039;YERBA PERIQUITA BOLSA              X10KG;3673,95
20442;JABON PAN ALA (ESPUMA)           2X200GR;3660,84
6011;CABALLA ACEITE MARBELLA           X425GR;3654,36
15029;EDULCORANTE SI-DIET LIQUIDO       X200CC;3646,11
90217;YOGUR RAMOLAC ENT.PO.FRUTILLA     X125GR;3615,27
9051;FIDEO LA PROV.C/L X5KG+HAR.BONANZA X1KG;3609,43
17031;PAPEL HIG.ROLISU 30MT         -0054-X1UN;3606,38
95149;RAVIOLITOS LA TUCUMANITA BOLSA    X500GR;3597,93
90036;ACTIMEL-574-VAINILLA PACK        6X100GR;3585,84
11045;ARVEJA VALLE DE ORO(INCA)         X350GR;3581,09
31529;DESOD.KEVIN   -372/3 -AEROSOL     X150ML;3576,38
18289;LAMPARA OSRAM HALOGENA CLAS.A 70W    XUN;3569,38
37052;MAQ.AF.MINORA TWIN CARTEL-59793-    X1UN;3559,63
41487;SHAMPOO PLUSBELLE LECHE/ALM.C/AMINOB-X1L;3531,34
4037;YERBA AMANDA                      X250GR;3527,88
7603;JUGO GATORADE MANZANA    -1102-   X473CC;3524,24
18159;LAMPARA SOL DE NOCHE HALOG.53W       XUN;3515,08
27054;SECADOR DE GOMA SACCHI (50 CM)      X1UN;3469,09
77584;jugo ades durazno  t.b.             x1lt;3462,00
97352;PREPIZZA ALBERTUS MERCOFRUT-        X3UN;3430,37
9295;ARROZ 53 BLUE BONET -           10X500GR;3427,87
91070;QUESO CREMOSO CHELITA       -2417-   XKG;3425,81
4075;TE LA VIRGINIA BOLDO SAQ. -31012-  X25UN;3415,44
3046;BURGOL LA ESPAÐOLA                X500GR;3400,45
9185;FIDEO LA PROVIDENCIA TIRABUZON-     X5KG;3398,25
20110;JABON PAN GIGANTE SUAVE TERNURA-  X200GR;3381,30
50152;FLUIDO DESINFECTANTE X-5 LIQ.PLAST.X480C;3363,57
7519;JUGO BAGGIO DURAZNO T.B-          X200CC;3361,08
3253;CEREAL GRANIX SKARCHITO VITAM.    X240GR;3323,49
4283;YERBA CBSE SILUETA DR CORM.-3212- X500GR;3310,25
4172;YERBA TARAGUI SAQUITO     -100073- X50UN;3303,65
41277;ACOND.PLUSBELLE ALGAS MAR.C/AMINOB-X1LT;3298,61
36015;QUESO RALLADO LA BABILONIA -       X40GR;3295,60
28018;DULCE BATATA DULCOR C/CHOC.CAJON    X5KG;3279,53
10101;DURAZNO INCA                      X820GR;3276,36
20192;JABON TOC.PLUSBELLE CERAM.C/ACEITE-X140G;3275,37
21022;PROVENZAL LA CAMPIÐA -11311-      X500GR;3269,89
78033;JUGO INCA BC DURAZNO SOBRE          X30G;3264,16
11180;SALSA CICA PIZZA-206505-         X340GR;3254,67
4123;CAFE ARLISTAN SUAVE-93134-        X170GR;3253,26
90125;YOGUR YOGURIS.-957-CREMIX VAIN.  4X120GR;3237,59
11017;ARVEJA INCA                       X350GR;3237,52
9194;FIDEO LA PROVIDENCIA MOSTACHOL-   X500GR;3235,18
50074;TABLETA P/MOSQUITO X-5 -113017-   X20UN;3225,64
41359;ACOND.PLUSBELLE CREME C/AMINOB-     X1LT;3191,74
3010;POLENTA MAGICA-17190-             X500GR;3156,22
97264;PAN VIENA ALBERTUS MERCOFRUT -      X6UN;3150,93
1309;GALLETA LIA POLVORITA FRUTILL.-2881-X80G;3149,37
50079;ESPIRAL RAID - 407-                X12UN;3147,98
11140;PURE TOMATE CANALE T/BRIK -       X260GR;3131,58
28022;MERMELADA DULCOR DURAZNO POTE    -X500GR;3128,14
3014;POLENTA JOSE LOPEZ                X500GR;3119,33
50020;INSECTICIDA X-5 MATA CUCAR.Y HORM.X360CC;3094,92
90419;POSTRE DANONINO-094-MAXI-VAIN.    2X70GR;3092,41
3084;POLENTA LA ESPAÐOLA               X500GR;3090,99
7600;JUGO GATORADE NARANJA  -1103-     X473CC;3082,68
17597;PROTECTOR LADYSOFT CLASICO-9657-   X20UN;3069,55
1068;GALLETA TRIO PEPAS       -0106-   X500GR;3041,10
41162;SHAMPOO SEDAL SOS CERAMIDAS       X200ML;3040,34
97185;PREPIZZA DON FRANCISCO -            X3UN;3035,94
93393;MORTADELA ESPECIAL EL BIERZO -531-   XKG;3035,77
53009;ALIMENTO P/PERRO CAPITAN MIX       X15KG;3025,13
95102;RAVIOLES VIA VESPUCCI POLLO -     X500GR;3014,61
7414;VINO SANTA ANA SELECCION TTO-50221-X700C;3009,66
7250;SIDRA DEL VALLE                   X710CC;3002,32
13404;SUAVIZANTE BORITA PERF.VIOLETA    X900CC;2997,73
17272;TOALLA LADYSOFT ULTR.U.SUAV.C/ALAS  X8UN;2996,38
13351;DETERGENTE ALA FRUTAS CIT.-236013-X750CC;2991,14
17395;PAÐAL BABYSEC ULT.TRI/XGDE         X24UN;2954,68
24005;HARINA BONANZA LEUDANTE -           X1KG;2942,89
18311;VELAS VICTORIA -128-               X68GR;2942,44
9758;FIDEO LUCCHETTI FETUCCINE-30901-  X500GR;2934,24
91088;QUESO SARDO WINDY -                  XKG;2929,88
9309;ARROZ PELEADOR BLUE BONET-        X500GR;2929,33
95120;RAVIOLES LA REYNA POLLO-VERDURA -  X96UN;2926,16
20089;JABON PAN ARGENTINO BLANCO  -311- X200GR;2916,61
25018;MAYONESA HELLMANNS DOY PACK -    5X500GR;2913,37
14002;POMADA COBRA NEGRA                 X32GR;2912,79
25126;mostaza savora-207053-aniv.dp.    x500gr;2910,16
1308;GALLETA LIA POLVORITA CHOCOL.-2884-X80GR;2908,11
90479;MANTECA NOAL PAN -015-            X100GR;2888,72
31750;CREMA DENTAL ODOL 2 DOB.FLUOR-13004-X70G;2865,59
32054;LECHE POLVO NIDO CRECIMIENTO 3 LAT-X800G;2851,36
97177;PAN VIENA DON FRANCISCO-            X6UN;2843,12
77994;VINO TERMIDOR BCO T.B X1LT+TERM.ROS.X1LT;2842,87
41082;ACOND.SEDAL SOS CERAMIDA-228875-   X10ML;2819,79
17578;PAÐAL BABYSEC CLAS.TANGA MP GDE -  X20UN;2819,06
9315;ARROZ 53 BLUE BONET -              5X1KG;2812,03
1310;GALLETA LIA POLVORITA VAINIL-2880- X80GR;2771,98
41483;SHAMPOO PLUSBELLE CREME C/AMINOB-   X1LT;2768,20
32066;LECHE POLVO LA LECHERA N/BALANC.- X800GR;2767,85
18220;LAMPARA OSRAM HALOGENA CLAS.A 42W  XUN;2763,61
28031;DULCE LECHE FRANZ -1010002-       X250GR;2762,14
9189;FIDEO LA PROVIDENCIA TALLARIN-    X500GR;2751,36
17263;PAPEL HIG.CAMPANITA CLASSIC 60M-064-X6UN;2742,71
97266;PAN HAMBURGUESA ALBERTUS MERCOFRUT- X4UN;2732,31
13164;DESINFECT.LYSOFORM AIRE MONT.     X360CC;2725,53
9024;ARROZ SUSARELLI LARGO FINO-93243-   X1KG;2713,20
41488;SHAMPOO PLUSBELLE MAN/PERA C/AMINOB-X1LT;2709,48
13373;LUSTRAMUEBLE BLEM NARANJA   -244- X360CC;2700,63
41113;ACOND.SEDAL SOS BALANCE-228893-    X10ML;2695,80
20164;JABON POLVO ACE NAT.AL/MAN.BE-9312- X3KG;2695,24
17423;PAÐAL BABYSEC ULTRA MP XXG -4109-  X14UN;2691,32
78031;JUGO INCA BC PERA SOBRE -          X30GR;2690,75
90492;FLAN SERENITO-432-VAINILLA      2X105GR;2681,33
1186;GALLETA ARCOR HOGAREÐA SALV.-6692-X600GR;2679,98
50088;INSECTICIDA RAID EXTERMINADOR     X360CC;2678,45
1305;GALLETA PINDY SALVADO -           X600GR;2674,34
32044;LECHE POLVO NIDO+NUTRICION S.PACK-X400GR;2670,91
37006;MAQ.AF.PRESTOBARBA ULTRAGRIP C/FIJO X3UN;2670,61
7622;JUGO BAGGIO JUNIOR DURAZNO        X125ML;2666,12
77145;jugo ades anana t.b.                x1lt;2664,28
25218;MAYONESA WILDE SACHET-951836-   X2.755KG;2659,44
90460;MARGARINA DANICA DORADA PAN-873-  X200GR;2658,02
20238;JABON TOC.SUAVE VARIEDAD MIX-     3X90GR;2649,88
25205;mayonesa super ri-k doy pack-9426-x250cc;2644,12
20212;JABON TOC.PLUSBELLE CREM.C/ACEITE-X140GR;2640,45
41502;SHAMPOO SUAVE MIEL Y ALMENDRAS    X930ML;2639,96
1051;GALLETA ARCOR DIVERSION -6805-    X400GR;2635,28
20149;JABON POLVO ACE NAT.AL/MA.REG-9308-X400G;2626,41
20236;jabon toc.lux refrescate -934226- x125gr;2625,92
6051;SARDINA ACEITE BAHIA -            X125GR;2625,79
9268;FIDEO FAVORITA SPAGHETTI-17164-   X500GR;2625,47
31239;ANTIT.DOVE CLASICO AERO.-939542-  X100GR;2622,97
41482;SHAMPOO PLUSBELLE BAM/ALOE C/AMINOB-X1LT;2598,65
90155;YOGUR RAMOLAC ENT.PO.VAINILLA-    X140GR;2593,24
7782;JUGO BAGGIO MULTIFRUTA T.B.-12611-X200CC;2587,79
86007;LEVADURA LEVINA -                 X500GR;2576,97
41969;ACOND.SEDAL CERAMIDA SOS-         X200ML;2571,19
37031;MAQ.AF.MINORA I I  FIJA-59792-      X5UN;2570,26
17688;PAÐAL BABYSAN H.P. XXGDE -59378-   X44UN;2564,32
11368;EXTRACTO TOMATE OTITO             X150GR;2551,16
41970;ACOND.SEDAL SOS  BALANCE          X200ML;2536,71
78028;JUGO INCA BC NARANJA-MANGO SOBRE-  X30GR;2532,49
20275;jabon toc.lux sorprendeme -934227-x125gr;2528,59
3138;BURGOL BEDOIAN FINO               X500GR;2522,94
6036;SARDINA ACEITE CUMANA-31712-      X125GR;2519,65
3117;PAN RALLADO PREFERIDO -          5X500GR;2512,54
41170;SHAMPOO SEDAL SOS CREMA           X200ML;2510,12
92029;MEDALLON DE CARNE LA BLANCA -     X112GR;2499,88
17230;TOALLA ALWAYS BASICA C/ALAS -       X8UN;2499,43
17544;PAÐAL BABYSEC ULTRA MED.C/BARRERA X10UN;2495,06
4269;TE LA VIRGINIA SAQ.PAPEL FILT.RAP-X100UN;2494,37
6315;PICADILLO CHANGUITO CARNE          X90GR;2487,91
21129;COMINO MOLIDO LA CAMPIÐA-11304-     X1KG;2482,68
41477;ACOND.PLUSBELLE LECHE/ALM.C/AMINOB- X1LT;2472,53
97179;PAN HAMBURGUESA DON FRANCISCO -     X4UN;2466,17
20048;JABON POLVO ARIEL BE -8834-       X400GR;2460,59
93139;MORTADELA BOLOGNA DON OTTO -         XKG;2456,60
9218;FIDEO MATARAZZO SPAGHETTI-40150-  X500GR;2455,16
15014;EDULCORANTE SI-DIET LIQUIDO      -X500CC;2435,13
20496;JABON POLVO ALA MATIC MULTIACCION   X5KG;2427,06
95103;RAVIOLES VIA VESPUCCI POLLO/VERD.-X500GR;2426,64
28224;MERMELADA NOEL DURAZNO FCO.-5165- X454GR;2423,70
25075;MOSTAZA SAVORA SACHET   -131591-   X3KG;2419,36
17409;PAÐUELO DESC.ELITE-CARILINA-5456- 6X10UN;2413,70
17556;PAPEL HIG.ROLISU     30M        -61-X6UN;2405,42
9028;FIDEO LA PROV.C/L 5X500+P.T.MORA 5X520GR;2396,64
6361;CABALLA NATURAL PUGLISI           X380GR;2381,10
20218;JABON TOC.PLUSBELLE ENERG.C/ACEITE-X140G;2371,73
3098;REBOZADOR MAMA COCINA FREIR-      X500GR;2370,37
77798;FERNET VITTONE ( DE F.BRANCA )    X450CC;2367,26
34003;GRASA DE VACA INSUGA REF.         X500GR;2358,43
37017;MAQ.AF.PRESTOBARBA 3 HOMBRE-804-    X2UN;2352,12
17060;PAPEL HIG.HIGIENOL MAX NUEVA IMAGEN-X4UN;2351,24
4612;YERBA COMPUESTA CBSE -3111-         X1KG;2348,30
17136;PAPEL HIG.HIGIENOL MAX NUEVA IMAGEN-X8UN;2344,82
36007;QUESO RALLADO SANCOR REGGIAN.-1402-X40GR;2332,45
29156;SOPA KNORR CASERA VERD/CARNE C/DED-  XUN;2327,55
13842;LIMP.LIQ.POETT BEBE      -2570-   X900CC;2324,65
20534;JABON TOC.REXONA-30532-NUT/FRESH  X125GR;2314,37
77246;VINO VIÐAS DE ALVEAR TINTO -113- X1.25CC;2309,46
3054;AVENA QUAKER TRAD.CALCHIERRO PLUS-X400GR;2309,11
13913;DETERGENTE MAGISTRAL  -          6X300ML;2305,73
4044;YERBA BROCHE DE ORO                 X1KG;2302,97
91139;QUESO SARDO SANTA ELENA              XKG;2300,07
11049;choclo cumana grano amarillo -    x350gr;2294,46
31203;TALCO REXONA EFFICIENT POLVO-6191-X200GR;2293,83
20533;JABON TOC.REXONA-30512-MTA/FRESH  X125GR;2287,46
93007;MORTADELA CAÐON 808 -1104-           XKG;2283,90
20532;JABON TOC.REXONA-30511-SENS/FRESH X125GR;2275,70
41489;SHAMPOO PLUSBELLE LIN/MIEL C/AMINOB-X1LT;2268,43
17585;PAÐAL BABYSEC CLAS.TANGA MP XGDE - X16UN;2263,39
16034;BIZCOCHUELO EXQUISITA VAIN.0%G.TR-X540GR;2258,86
20198;JABON POLVO SKIP INTE.PERF.RESUL. X800GR;2258,48
13417;LIMP.LIQ.JARDIN ANTIB.ARPEGE CREM-X900C;2255,73
18073;LAMPARA OSRAM DULUX VALUE 15W/865-   XUN;2251,90
29067;SOPA KNORR CASERA POLLO C/MUN.-9524-XUN;2246,89
93251;FIAMBRE COCIDO D/PALETA CERDO 131    XKG;2241,96
29051;SOPA KNORR CREMA VERDURA -218050-    XUN;2227,19
41508;ACOND.SUAVE MIEL Y ALMENDRAS      X930ML;2200,57
20531;JABON TOC.REXONA-30521-AQUA FRESH X125GR;2183,19
29008;SOPA KNORR CREMA ARVEJA C/JAMON-6450-XUN;2177,86
31699;CREMA DENTAL COLGATE TOT/12-11113-X180GR;2175,41
90260;ACTIMEL-566-0% FRUTILLA PACK     6X100GR;2171,00
13317;LAVANDINA TRADIC.X5 BIDON -9031-    X4LT;2168,38
3173;FECULA MAIZENA ESTUCHE -          X200GR;2166,55
13590;DETERGENTE ALA COLAGENO-236010-   X750CC;2163,63
21136;OREGANO EN HOJAS LA CAMPIÐA-11351-X250GR;2157,04
17687;PAÐAL BABYSAN H.P. XG -59434-      X44UN;2156,36
29158;SOPA KNORR CASERA GALL.C/CAR-217162- XUN;2152,13
13479;SUAVIZANTE VIVERE DIA/DIA DP-4764-X900CC;2148,82
1023;GALLETA TRIO PEPAS       -0108-   X200GR;2144,45
21004;COMINO VILLA RICA  -6804-          X25GR;2138,23
90102;YOGUR GRAN COMPRA-340-FRUT.SACH.    X1KG;2137,36
11375;PURE TOMATE OTITO                 X520GR;2127,73
13670;DETERGENTE GIGANTE LIMON -1284-   X750ML;2120,44
7552;JUGO INCA LIGHT NARANJA SOB-100901-X10GR;2111,25
93157;SALAME MILAN C/FAJA FRIGOFE          XKG;2110,19
20535;JABON TOC.REXONA-30525-NAT/FRESH  X125GR;2108,79
25020;KETCHUP HELLMANNS -192305-SACHET   X60GR;2107,55
13059;LUSTRAMUEBLE BLEM LAV.AER-331-    X360CC;2103,88
9652;ARROZ SUSARELLI DOBLE -93242-     X500GR;2100,78
28089;DULCE MEMBRILLO LA RIOJANITA(C)     X5KG;2096,67
4155;YERBA TARAGUI  ENERGIA -473-      X500GR;2088,30
28272;MERMELADA DULCOR DURAZNO LIGHT POT X420G;2081,73
77104;JUGO CLIGHT NARANJA -             X9.7GR;2079,74
13797;DETERGENTE BORA MAGIC PLUS LIMON- X600CC;2078,95
24006;HARINA LA TERESINA 000 BOLSA       X50KG;2073,05
20344;JABON TOC.PLUSBELLE RELAJ.C/ACEITE-X140G;2072,64
1445;GALLETA GRANIX SIN SAL     -22322-X185GR;2063,61
6046;ATUN ACEITE DESMEN.CUMANA-30616-  X170GR;2063,48
3114;REBOZADOR PREFERIDO -            5X500GR;2060,27
17686;PAÐAL BABYSAN H.P. GDE -59433-     X54UN;2039,80
20249;JABON TOC.PLUSBELLE EXFOL.C/ACEITE-X140G;2039,36
13205;DETERGENTE MAGISTRAL LIMON        X600ML;2034,91
13401;DESOD.AMB.POETT LAVANDA -3902-    X360CC;2034,23
4019;YERBA CACHAMATE HIERBAS SERRANAS  X500GR;2019,03
19010;ALCOHOL PURO FRAU PVC             X500CC;2017,31
4215;CAFE DOLCA SUAVE RENOVADO-12168086-X170G;2016,83
41401;ACOND.SEDAL SOS BALANCE -227723-  X300ML;2015,31
4676;YERBA CACHAMATE SILUET     -269-  X500GR;2001,95
50073;TABLETA P/MOSQUITO RAID-365-       X12UN;1993,60
13325;LIMPIADOR CIF CREMA -201137-      X375GR;1993,27
77041;JUGO YAP NARANJA SOBRE -           X35GR;1982,29
17642;TOALLA HUM.HUGGIES CLASSIC -1728-  X64UN;1975,29
31293;CREMA HINDS ROSADA-61031-          X75GR;1968,75
91003;QUESO PORT SALUT RAMOLAC-013-        XKG;1968,30
13526;LAVANDINA TRADIC.X-5 BIDON   -9032- X2LT;1964,55
90928;POSTRE DANETTE-530-D.LECHE PACK   2X95GR;1963,16
77095;JUGO CLIGHT MANZANA DELICIOSA-      X8GR;1954,18
16018;FLAN EXQUISITA VAINILLA       -    X60GR;1934,36
7465;VINO SANTA ISABEL BORGOÐA        X700 CC;1926,00
20122;JABON LIQ.ACE BOTELLA  -8978-       X3LT;1922,78
13145;LAVANDINA AYUDIN ULTRA -9996-       X1LT;1920,30
13423;SUAVIZANTE BORITA BRISA CAMPO     X900CC;1920,03
4677;YERBA PERIQUITA                     X4KG;1917,60
13278;DETERGENTE MAGISTRAL BRISA MARINA X300ML;1914,06
16021;GELATINA EXQUISITA FRUTILLA-40973- X70GR;1905,47
31155;DESOD.AXE MUSK-212145-            X113GR;1900,94
13764;DETERGENTE ROPA F.ALA-CAMELLO-314-X120CC;1896,01
20488;JABON POLVO ALA REG.C/VIV.CEL.MULT.X800G;1883,86
41485;SHAMPOO PLUSBELLE COCO/KAR.C/AMINOB-X1LT;1880,43
4274;YERBA AMANDA SAQUITOS S/SOBRE-     X25UN;1879,30
21001;SAL DOS ESTRELLAS FINA            X500GR;1877,40
17421;PAÐAL BABYSEC ULTRA MP GDE -4107-  X16UN;1871,12
7498;VINO DON VALENTIN LACRADO -       X750CC;1868,47
13705;DETERGENTE ALA ALOE VERA -235970- X750CC;1865,69
13119;LIMP.LIQ.POETT BAMBU  -2625-      X900CC;1857,14
9026;FIDEO LA PROVIDENCIA DEDALITO -   X500GR;1854,84
91257;QUESO DANBO NOAL -008-               XKG;1852,12
95099;RAVIOLES VIA VESPUCCI VERDURA -   X500GR;1831,36
9278;FIDEO LA PROVIDENCIA MUNICION -   X500GR;1826,89
20144;JABON TOC.POLYANA CHARME -11204 - X125GR;1825,95
24028;HARINA LA TERESINA 000  -          X25KG;1825,27
20162;JABON TOC.POLYANA BOUQUET-11205-  X125GR;1823,80
32031;LECHE POLVO SANTA ELENA ENTERA -  X800GR;1821,43
41832;ACOND.SEDAL REC.ESTRUC.-961669-    X10ML;1814,88
4287;YERBA CBSE SABOR.C/NARANJA MAS-3208-X500;1814,24
41478;ACOND.PLUSBELLE MANZ/PERA C/AMINOB- X1LT;1812,64
1086;GALLETA BAGLEY SALVADO -9994-     X214GR;1806,88
20501;JABON TOC.LUX TONO LUMINOSO-934230-X125G;1806,20
20187;JABON LIQ.ARIEL BOTELLA -47649-   X800ML;1796,17
28241;DULCE LECHE SANCOR CLASICO-3186-  X400GR;1794,70
90330;MANTECA SANCOR-1028-PAN           X100GR;1790,08
20492;JABON POLVO ALA MATIC MULTIACCION   X3KG;1779,25
17422;paÐal babysec ultra mp xgde        x14un;1774,97
77155;JUGO BAGGIO NAR-DUR TETRA BRICK-12598-X1;1774,40
17356;PAÐAL PAMPERS JUEG./SUEÐOS GDE-968- X10U;1756,42
4084;YERBA LA HOJA                     X250GR;1752,68
90148;YOGUR ACTIVIA-253-CIRUE.PACK     2X125GR;1748,86
90302;VIDACOL-166-FRUTILLA PACK         4X80GR;1738,69
31023;CREMA DENTAL COLGATE TOTAL 12      X90GR;1733,17
20176;JABON PAN MARIPOSA BLANCO        2X250GR;1729,32
13410;DESOD.AMB.POETT PRIMAVERA -3906-  X360CC;1728,65
28199;MERMELADA NOEL LIGHT DURAZNO FCO- X390GR;1722,67
17691;PAÐAL BABYSAN TRIPACK GDE-59427-   X28UN;1719,83
21014;COMINO ALICANTE                    X25GR;1713,45
78100;JUGO BAGGIO JUNIOR MULTIFRUTA-    X125CC;1713,03
25202;MAYONESA HELLMANNS LIGHT D.P-8767-X237GR;1694,41
20517;JABON POLVO SKIP INT.PERF.RES.CORE  X6KG;1692,56
7061;VINO MICHEL TORINO BORGOÐA-42519-X1.25CC;1691,51
41400;ACOND.SEDAL SOS CERAMIDAS         X300ML;1687,01
13597;LAVANDINA AYUDIN MAXIMA PUREZA-   X250ML;1684,34
18022;FOSFOROS TRES PATITOS ECOLOGICO-  X222UN;1671,81
90404;LECHE LA SERENISIMA C/CALC.DES.SACH-X1LT;1669,41
20247;JABON TOC.PLUSBELLE EQUILIB.ACEITE-X140G;1665,00
25208;MAYONESA D FIESTA SACHET          X100CC;1663,82
41030;SHAMPOO SUAVE MANZANA VERDE       X930ML;1659,51
90294;MANTECA SANCOR-1029-C/VIT.DYE -   X200GR;1658,61
9253;ARROZ PELEADOR BLUE BONET -       10X1KG;1654,54
28126;DULCE LECHE SANCOR-3104-POTE      X250GR;1647,62
18058;LAMPARA SOL DE NOCHE HALOG.42W       XUN;1647,17
19103;POXI-RAN UNTABLE POMO              X23ML;1643,73
3027;FECULA SAN CAYETANO               X500GR;1642,68
20515;JABON POLVO SKIP PERF.RESULTS       X3KG;1636,44
17453;PAÐAL BABYSAN TRI-PACK XGDE -3398-X24UN;1632,40
31066;CREMA DENTAL COLGATE -141-        X140GR;1627,50
41968;ACOND.SEDAL RIZOS OBEDIENTES      X200ML;1622,55
13799;DETERGENTE BORA MAGIC PLUS COLAG.-X600CC;1621,19
41389;SHAMPOO SEDAL CREMA POUCH-        X300ML;1619,39
20030;JABON POLVO DRIVE BR.TARDE REG.-318-X3KG;1613,20
1213;OBLEA BAGLEY OPERA-9509-          X220GR;1606,17
90324;POSTRE DANONINO-827-FRUTILLA BEB.4X100GR;1603,73
41475;ACOND.PLUSBELLE COCO/KAR.C/AMINOB-  X1LT;1599,38
9176;FIDEO LA PROVIDENCIA TALLARIN -     X5KG;1593,51
78026;JUGO INCA BC FRUTOS ROJOS SOBRE-   X30GR;1593,39
17539;paÐal huggies classic mp gde-6605- x30un;1589,57
90101;YOGUR YOGURIS-135-CER.C/ZUCARI.   X166GR;1588,95
13860;DESINFECT.LYSOFORM AIR CITRICA    X327CC;1588,67
9276;ARROZ GALLO ORO BOLSA  -93004-    X500GR;1584,46
13106;ADITIVO AYUDIN ROPA COLOR C/V.      X1LT;1583,75
90234;VIDACOL-166-MULTIFRUTA PACK       4X80GR;1581,99
28279;DULCE BATATA LA RIOJANITA VAIN.CAJ.-X5KG;1580,77
17511;PAÐAL BABYSEC CLASICO TANGA XXGDE - X8UN;1578,97
9114;FIDEO LA PROVID.1X5K+CALDO 1║ MARCA X6UN;1577,00
4640;te taragui saquito   -100035-      x25un;1575,71
95022;TAPA P/EMPANADA LA TUCUMANITA      X12UN;1572,04
41509;ACOND.SUAVE COCO Y LECHE          X930ML;1571,05
6021;CABALLA ACEITE JANDAIA-31813-     X425GR;1570,56
93028;MORTADELA CAÐON FRIGOFE -            XKG;1567,25
90299;YOGUR RAMOLAC ENT.PO.FRUTILLA -   X140GR;1566,09
11111;TOMATE PELADO CANALE PERITA-      X400GR;1564,49
9025;ARROZ SUSARELLI DOBLE -93241-       X1KG;1563,06
17304;toalla s/libre especial c/ala-89063-x8un;1562,42
13741;DETERGENTE GIGANTE CREM/GLIC-1285-X750ML;1556,72
4196;YERBA TARAGUI CON PALO 4 FLEX     X250GR;1550,46
17643;TOALLA LADYSOFT COMFORT C/ALAS-9675-X8UN;1544,86
20225;JABON POLVO ZORRO MATIC BIOCR.-   X400GR;1544,56
9258;CAPELETTINI GIACOMO VERDURA-62011-X500GR;1538,93
90378;FLAN MANFREY S/HUEVO -60009-      X120GR;1538,37
90927;POSTRE DANETTE-530-CHOCOLATE PAC 2X95GR;1534,53
11209;PURE TOMATE CAMPAGNOLA C/AZUC.TB. X520GR;1528,51
13097;PASTILLA P/INOD.GLADE CANAS/SURT-120-X1U;1525,70
9007;FIDEO MATARAZZO TALLARIN-48215-   X500GR;1525,54
9763;FIDEO LUCCHETTI TIRABUZON-30714-  X500GR;1525,51
7486;JUGO INCA BC NAR/DURAZNO SOBRE-    X30GR;1523,94
25026;MAYONESA FANACOA SACHET-951092- X2.755KG;1518,41
25178;MAYONESA HELLMANNS DOY PACK-5967-X1000CC;1512,56
11410;TOMATE PELADO ALCO LATA           X400GR;1512,08
90150;YOGUR ACTIVIA-253-FRUTILLA PACK  2X125GR;1509,45
20302;JABON TOC.LUX TENT.DE PERA-934229-X125GR;1508,09
17085;paÐal huggies classic hp gde-6613- x60un;1502,82
17454;PAÐAL HUGGIES CLASSIC MEDIANO-97440-X10U;1500,65
41503;SHAMPOO SUAVE COCO Y LECHE        X930ML;1495,33
41283;ACOND.SUAVE MANZANA VERDE         X930ML;1493,03
7974;JUGO YAP NARANJA-DURAZNO SOBRE -   X35GR;1493,00
20497;JABON POLVO DRIVE BRIS.TARDE MATIC X400G;1488,87
4087;YERBA NOB.GAUCHA SUAVE-50169-     X500GR;1485,55
17292;PAPEL HIG.SCOTT H/S ALOE 30MT-2864- X4UN;1481,09
11141;PURE TOMATE CANALE T/BRIK -       X520GR;1480,93
31856;ANTIT.DOVE DURAZNO ROLL-ON-943217- X50ML;1472,28
31007;CREMA DENTAL COLGATE TRIP.ACCION- X180GR;1466,76
27232;TRAPO PISO M.NARAN.GRIS REFOR.CLAS.  XUN;1461,27
31723;POLVO DESOD.VERITAS MASCULINO-902-X230GR;1460,88
1111;GALLETA BAGLEY MERENGADAS-9327-    X93GR;1457,19
95100;RAVIOLES VIA VESPUCCI 4 QUESOS -  X500GR;1456,31
8018;CARAMELO MISKY MASTICABLE -1781-  X800GR;1454,56
10125;COCTEL FRUTAS LA COLINA -4 FRUTAS-X820GR;1454,02
93409;SALAME T/MILAN BIERZO -150-          XKG;1452,61
4021;YERBA NOBLEZA GAUCHA AZUL-55736-    X1KG;1448,82
31530;DESOD.KEVIN PARK  -1644/5 -AEROS. X150ML;1448,77
41334;ACOND.PLUSBELLE BAMBU/ALOE C/AMINOB-X1LT;1447,67
25200;MAYONESA FANACOA DOY PACK-946008- X950GR;1447,43
7847;JUGO YAP NARANJA-MANDARINA -       X35GR;1447,04
18051;VELAS GOLONDRINA         -94339-   X64GR;1443,26
90041;YOGUR SANCOR-6403-BEB.FORT.FRUT     X1KG;1442,12
50102;INSECTICIDA RAID CASA JARDIN-245- X360CC;1441,80
9867;FIDEO LUCCHETTI MOÐOS-30911-      X500GR;1434,59
17535;paÐal huggies classic mp-chic.6603-x40un;1424,12
1075;OBLEA BAGLEY OPERA -9341-          X92GR;1423,85
17390;PAÐAL BABYSEC ULT.TRI/MEDIANO-4166-X36UN;1421,23
50061;APARATO RAID S/CABLE+4TAB.S/C-91-   XUND;1420,08
32080;LECHE LV CHELITA DESCREMADA         X1LT;1417,59
3082;SEMOLA LUCHETTI VITINA TRADIC.-   X250GR;1415,73
41373;SHAMPOO SEDAL SOS CERAMIDAS-      X300ML;1413,90
41208;SHAMPOO SUAVE FRUTOS ROJOS        X930ML;1411,60
6283;ATUN ACEITE DESMENUZADO BAHIA     X170GR;1410,24
6357;CORNED BEEF SWIFT                 X340GR;1407,91
28470;DULCE BATATA ORIETA C/CHOCO.      X500GR;1407,20
24100;HARINA PUREZA CON LEVADURA          X1KG;1400,74
90746;CREMA LECHE RAMOLAC               X200GR;1397,82
90186;MARGARINA MARGADAN PAN -631-      X200GR;1392,95
21130;PIMIENTA BLANCA MOLIDA LA CAMPIÐA-  X1KG;1392,66
20077;JABON TOC.PALMOLIVE NAT.YOG/FR.   X125GR;1387,82
29085;SOPA KNORR CASERA VEG.C/CAR.-197521- XUN;1381,12
28136;MERMELADA NOEL CIRUELA FCO-5168-  X454GR;1379,93
31526;DESOD.CRANDALL -709/1 -AEROSOL    X150ML;1375,19
13395;DETERGENTE MAGISTRAL BRISA MARINA X600ML;1373,31
41486;SHAMPOO PLUSBELLE GUAR/MORA C/AMINOB-X1L;1372,17
20487;JABON POLVO ALA REG.SOL MULTIACC. X800GR;1371,63
29217;CALDO WILDE GALLINA      -8208-     X2UN;1371,14
20071;JABON POLVO ARIEL BAJA ESPUMA-8452- X5KG;1365,78
90505;YOGUR MANFREY-60308-BEB.DURAZNO-    X1KG;1361,93
90190;LECHE CHOCOLATADA CINDOR-892-EX.SAB.X1LT;1361,56
21057;VAINILLIN VILLA RICA LIQUIDO-4902- X30CC;1358,85
16152;GELATINA GODET FRUTILLA-          X100GR;1357,12
31055;CREMA DENTAL COLGATE T.ACCION-1146-X90GR;1353,94
13294;LIMPIADOR CIF CREMA -201138-      X750GR;1348,38
29120;SOPA KNORR CREMA ESPARRAGOS          XUN;1346,93
17002;SERVILLETA SUSSEX ULT.(33X30)-5764-X70UN;1346,22
90504;YOGUR MANFREY-60307-BEB.BANANA      X1KG;1346,03
38048;aceituna verde vanoli d.pack      x150gr;1344,46
50001;ESPIRAL RAID - 438-                 X4UN;1343,27
25025;MOSTAZA FANACOA DOY PACK  -85402- X250GR;1341,11
11117;ARVEJA LA COLINA                  X350GR;1340,78
31184;CEPILLO DENTAL COLG.PREMIER ULT-  1X14UN;1329,15
5016;CACAO NESQUIK BOLSA -12179776-    X360GR;1329,00
32079;LECHE LV CHELITA ENTERA             X1LT;1328,69
24171;PREMEZCLA P/ÐOQUIS BLANCAFLOR     X400GR;1327,76
17146;TOALLA HUM.ESTRELLA-376-D.PACK     X70UN;1324,68
27024;ESPONJA DORADA DEA                  X1UN;1317,20
50012;INSECTICIDA RAID MAX AE.S/OLOR-089-X360C;1315,26
13440;DESINFECT.LYSOFORM BEBE AEROS     X360CC;1315,10
1326;GALLETA BAGLEY SONRISAS FRAMBUESA X118GR;1313,88
25100;MAYONESA MAYODAN BOLSA      -170- X2,9KG;1306,09
3083;SEMOLA LUCHETTI VITINA TRADIC.-   X500GR;1305,78
41052;DESOD.KEVIN SPIRIT AEROS.-6033/5- X150ML;1305,72
7540;JUGO INCA BC MANDARINA SOBRE-      X30GR;1299,63
27112;BROCHE PLASTICO BROOMY             X12UN;1299,51
6016;CABALLA NATURAL MARBELLA          X425GR;1296,84
7981;VINO VALDERROBLES VAR.EUR.BON/SYR-X700CC;1296,10
19004;ALCOHOL QUEMAR FRAU               X 1LT;1296,00
77140;VINO VIÐAS DE ALVEAR TINTO -111-  X700CC;1283,14
4154;TE LA VIRGINIA SAQ.PAPEL FILT.RAPI.X25UN;1281,76
4270;CAFE LA MORENITA SAQUITO-903187-   X20UN;1280,51
13752;DETERGENTE GIGANTE C/AL.VERA-1286-X750ML;1278,24
36036;QUESO RALLADO SANCOR REGGIANITO-  X120GR;1276,29
31294;CREMA HINDS ROSADA-61032-         X150GR;1271,72
16085;GELATINA EXQUISITA CEREZA -40975-  X70GR;1269,21
90313;VIDACOL-166-VAINILLA PACK         4X80GR;1267,75
21282;BICARBONATO LA CAMPIÐA             X20GR;1267,74
41892;ANTIT.REXONA HOMBRE AER.-924363-  X105GR;1267,20
20428;JABON POLVO ACE REGULAR BOLSA     X800GR;1267,10
90300;LECHE SANCOR BIO ENT.FRUT-6826-   4X95GR;1266,65
31105;shampoo sedal recon.estructural   x200ml;1266,49
9096;ARROZ MAGISTRAL LARGO FINO 00000- X500GR;1265,21
95101;RAVIOLES VIA VESPUCCI RICOTA -    X500GR;1264,41
15019;ENDULZANTE BARNY LIQ. -9203-     X500ML;1264,34
1851;GALLETA FRUTIGRAN AVENA/PASAS     X250GR;1260,07
11107;PURE TOMATE ARCOR TETRA B.-6614-  X520GR;1259,26
18017;PILA EVEREADY CHICAAA ED BLIS.-1215-X4UN;1256,92
7725;jugo tang nar/banana/frut.-918488- x25gr;1252,07
4284;YERBA CBSE SILUETA DR COR.NAR-3213-X500G;1251,49
17554;PAPEL HIG.ROLISU     30M      -0055-X4UN;1250,11
17345;PAÐAL BABYSEC CLASICO TANGA MEDIANO-X10U;1249,03
41183;ACOND.SUAVE FRUTOS ROJOS          X930ML;1240,00
20495;JABON POLVO ALA MATIC C/VIV.MULTIAC.X3KG;1233,16
25151;MOSTAZA SAVORA DOY  PACK  -98444-   X1KG;1232,78
77797;FERNET BRANCA                       X1LT;1232,78
17008;PAPEL HIG.HIGIENOL D.HOJA E/BLANCO  X4UN;1229,54
28025;MERMELADA DULCOR CIRUELA POTE     X500GR;1228,04
1812;GALLETA HOJALMAR TRIANGULITO RONDA X150G;1227,01
20097;JABON TOC.PALMOLIVE NAT.EX.HUM.   X125GR;1224,15
11003;SALSA ALCO PIZZA                  X350GR;1223,31
27561;LANA ACERO DEA ROLLITO    -701001- X45GR;1220,37
77028;JUGO YAP MIX FRUTAL SOBRE -        X35GR;1217,37
3101;POLENTA JOSE LOPEZ                  X1KG;1215,30
28027;MERMELADA DULCOR HIGO POTE   -804-X500GR;1211,69
17102;ROLLO COCINA ELITE DISEÐO 60 HOJA   X3UN;1211,17
29107;caldo knorr gallina rec.colec-0869- x2un;1209,39
16161;GELATINA GODET FRAMBUESA          X100GR;1207,31
77614;jugo ades durazno -136013-        x200cc;1202,77
13634;DESOD.AMB.POETT ESPIR.JOVEN-      X360CC;1200,71
29116;SOPA KNORR CREMA ZAPALLO -           XUN;1200,54
20493;JABON POLVO ALA MATIC FRESH MULTIAC.X3KG;1200,16
20516;JABON POLVO SKIP INT.PERF.RES.CORE  X4KG;1199,49
77126;JUGO YAP PERA SOBRE -              X35GR;1191,07
6019;CABALLA NATURAL JANDAIA-31814-    X425GR;1186,75
17712;PROTECTOR CAREFREE ORIGINAL S/P-   X20UN;1178,20
4611;YERBA AMANDA                        X1KG;1176,79
77445;AMARGO TERMA SERRANO PET-10060- X1.250CC;1172,10
27231;REJILLA MEDIA NARANJA L/COCHES-     X1UN;1170,58
10006;COCTEL FRUTAS INCA -              X820GR;1169,73
10004;ANANA CARACAS EN RODAJAS          X836GR;1167,91
28129;DULCE LECHE SANCOR-3119-POTE        X1KG;1163,47
4057;CAFE LA VIRGINIA INSTANTANEO       X50GR;1163,17
7503;JUGO ADES FRUTA TROPICAL -136014- X200CC;1162,06
4183;CAFE ARLISTAN SUAVE-93130-         X50GR;1161,17
13805;DETERGENTE GIGANTE ANTIB.MZNA-1289-X750M;1159,90
93012;SALAMIN P/FINO 66 DE RAFAELA-49-     XKG;1159,11
95107;TAPA P/PASCUALINA MADOMI -          X2UN;1158,53
27503;SECADOR DE GOMA DEA NEGRO 40CM.     X1UN;1157,30
90098;YOGUR GRAN COMPRA-340-VAIN.SACH.    X1KG;1157,18
11169;SALSA CICA PIZZA QUALIPACK-206741-X200GR;1156,59
4304;YERBA LA TRANQUERA -591-             X1K;1153,14
91277;QUESO DANBO CHELITA         -1982-   XKG;1150,79
90002;MANTECA RAMOLAC PAN               X200GR;1150,22
41366;CREMA HINDS ROSADA-61033-         X250GR;1147,96
28052;DULCE LECHE SANCOR REPOSTERO-3183-X400GR;1145,24
90745;CREMA LECHE RAMOLAC               X350GR;1144,44
31158;DESOD.AXE MARINE-932035-          X113GR;1142,94
90981;POSTRE DANETTE-530-CREMA AMERC.   2X95GR;1141,72
20540;JABON TOC.REXONA-30537-AQUA/FRESH 3X125G;1140,78
4184;CAFE ARLISTAN SUAVE-93132-        X100GR;1137,74
6284;ATUN NATURAL DESMENUZADO BAHIA    X170GR;1129,63
3017;LENTEJA JOSE LOPEZ                X500GR;1127,81
41048;SHAMPOO SEDAL LISO PERFECTO       X200ML;1127,71
6297;FILET ANCHOA PUGLISI ACEITE        X90GR;1122,55
29088;CALDO KNORR VERDURA REC.COLEC-0826- X2UN;1119,74
90431;POSTRE MANFRESQUITO VAINILLA      X120GR;1118,80
20486;JABON POLVO ALA MATIC SOL MULTIAC.X800GR;1116,63
90487;YOGUR SER-901-CALCIO FRUTI.PACK  2X120GR;1113,75
93011;MORTADELA CAÐON 66           -20-    XKG;1113,58
13512;DETERGENTE ROPA F.BORITA   -7001- X150CC;1112,20
8056;CARAMELO MISKY GOMA FANTASIA -6151- X1KG;1112,16
1102;GALLETA LIA POLVORITA FRUTILL-2872-X150G;1109,90
9257;CAPELETTINI GIACOMO CARNE-62001-  X500GR;1107,71
3056;LENTEJA LA ESPAÐOLA               X400GR;1104,32
4076;TE LA VIRGINIA TILO                X25UN;1104,18
4204;CAFE DOLCA SUAVE FRASCO REN.-8083-X100GR;1099,71
41295;CEPILLO DENTAL COLG.PREMIER ULT-720-X1UN;1097,23
10028;DURAZNO LA COLINA                 X820GR;1097,13
13826;LIMPIADOR CIF ANTIGRASA D.P-4036- X500ML;1089,72
4175;YERBA AMANDA SAQUITOS C/SOBRE-     X25UN;1089,47
16039;GELATINA EXQUISITA FRAMBUESA-40974-X70GR;1088,85
31533;CREMA DENTAL ODOL 2 DOB.FLUO-13005-X90GR;1085,08
41479;ACOND.PLUSBELLE LIN/MIEL C/AMINOB-  X1LT;1074,92
1109;GALLETA BAGLEY CRIOLLITAS -3778-  X300GR;1074,74
13704;DETERGENTE ALA C/GLICERINA-191920-X1.25L;1071,31
20489;JABON POLVO ALA REG.C/VIV.VIOL.MULT.X800;1070,88
20406;JABON POLVO DRIVE BR.TARDE MATIC    X3KG;1069,22
28233;DULCE LECHE FRANZ FLIAR-1010019- X400GR;1067,18
4213;YERBA CRUZ DE MALTA SAQUITO-93224- X25UN;1066,80
17757;PROTECTOR KOTEX CLASICO S/PERF.-   X60UN;1064,87
7972;JUGO YAP MANZANA SOBRE -           X35GR;1060,98
27034;FRANELA RANCHERA           -425-     XUN;1057,29
90219;YOGUR RAMOLAC ENT.PO.VAINILLA     X125GR;1055,01
50206;REPELENTE OFF CREMA C/ALOE  -062-  X60CC;1046,18
41998;ACOND.SEDAL SOS BALANCE           X650ML;1040,79
31801;CREMA HINDS ROSADA -61034-        X350CC;1039,44
7699;JUGO INCA LIGHT MULTIFR.SOB-100910-X10GR;1038,51
20494;JABON POLVO ALA MATIC SOL MULTIAC.  X3KG;1034,59
21055;PIMIENTA BLANCA  VILLA RICA MOLI. -X25GR;1032,98
18086;PILA EVEREADY AAA  -1212 -          X2UN;1031,87
90277;FLAN SANCORITO-6295- VAINI/CARAM. X110GR;1031,21
13766;LUSTRAMUEBLE POLYCERA -195-       X346ML;1030,57
28273;MERMELADA DULCOR FRUTILLA LIGHTPOT.X420G;1029,25
13871;AUTOB.CERAMICOL INCOLORO DP-190-  X450ML;1028,53
13806;DETERGENTE GIGANTE ANT.MOR.BOS.-  X750ML;1027,22
90820;QUESO UNT.SANCOR P/SALUT LIGH.2730-X200G;1025,77
31585;CREMA DENTAL ODOL 2 DOB.FLUO-13006-X180G;1025,32
4628;TE VILLA RICA SAQUITO              X25UN;1024,60
20443;JABON PAN ALA TOQUE VIVERE        X200GR;1024,23
21321;SALSA INGLESA VANOLI              X950CC;1021,71
4055;CAFE LA VIRGINIA MOLIDO-113-1-    X250GR;1019,92
9504;FIDEO MATARAZZO FETTUCCINE-40460- X500GR;1018,65
20483;JABON POLVO ALA MATIC FRESH MULT. X800GR;1016,87
6045;JUREL ACEITE BAHIA                X425GR;1015,43
11281;TOMATE PELADO LA COLINA           X400GR;1014,90
27255;FIBRA ESPONJA MORTIMER CUADR.-38119-X1UN;1013,91
31719;POLVO DESOD.VERITAS FEMENINO-1002-X230GR;1011,84
13496;DETERGENTE MAGISTRAL NARANJA      X600ML;1011,77
29062;SOPA KNORR CLARA VERDURA-236386-     XUN;1004,67
13872;AUTOB.BLEM INCOL.EXPRES DP -15-   X450ML;1000,44
17681;PAPEL HIG.CAMPANITA TEXTUR.30MT.147-X6UN;999,28
25214;MAYONESA D FIESTA DOY PACK        X500CC;998,37
41923;SHAMPOO JOHNSON S BABY LACIOS-535-X200ML;997,75
4232;CAFE DOLCA SUAVE FRASCO RENOV.     X50GR;997,73
53001;ALIMENTO P/PERRO CAPITAN CACHORRO  X10KG;997,10
50223;INSECTICIDA RAID MMM DOB.ACC.-201-X360CC;994,50
17408;TOALLA HUMEDA ALGABO -2628-        X80UN;993,25
41037;SHAMPOO SEDAL REC.ESTR.-932111-    X10ML;991,35
7213;jugo ades pera                      x1lt;991,21
28363;DULCE BATATA LA RIOJANITA C/CHO.(L) X5KG;989,05
9750;FIDEO LUCCHETTI CODITO-30913-     X500GR;986,12
13899;BRILLO ECHO BALDE D.P.-187-       X450ML;985,59
4098;CAFE LA VIRGINIA EQUILIBRADO-5363-X250GR;984,38
20152;JABON POLVO ARIEL BAJA ESPUMA-8836- X3KG;984,25
21322;SALSA INGLESA VANOLI              X180CC;984,02
31218;ACOND.SEDAL REC.ESTRUCTURAL       X300ML;983,81
6060;ATUN ACEITE DESMENUZADO CARACAS - X170GR;983,71
13409;DESOD.AMB.POETT BRISA POLAR       X360CC;982,32
41207;CREMA DENTAL KOLYNOS S/BLANCA-12006-X90G;981,84
7057;jugo tang limonada -920049-        x25gr;980,65
37029;REPUESTO MACH 3 SENSITIVE           X2UN;980,51
20052;JABON POLVO ACE MINIES.TRAD.      X400GR;979,57
31492;DESOD.CHESTER ICE -714/1-AEROSOL  X150ML;978,72
20123;JABON LIQ.ACE BOTELLA -40516-     X800ML;975,44
20538;JABON TOC.REXONA-30528-MTA/FRESH  3X125G;975,03
60164;JARRO MUG SOIFER SURTIDOS 300CC-8325-XUN;974,45
41476;ACOND.PLUSBELLE GUAR/MORA C/AMINOB- X1LT;974,07
93016;SALCHICHON PRIMAVERA LARIO    -84-   XKG;973,40
90286;yogur yoguris-928-vainilla sachet x1.1kg;966,02
25322;MAYONESA HELLMANNS LIGHT D.P-5986-X500CC;963,83
20283;JABON POLVO ACE NAT.C/SUAV.MINI-  X400GR;963,02
50014;insecticida raid exterminador-083-x360cc;962,80
17070;ROLLO COCINA SUSSEX MAXI 100/PA-5694-X2U;959,52
9259;CAPELETTINI GIACOMO JAM.Y QUESO   X500GR;955,78
28024;MERMELADA DULCOR DAMASCO POTE-805-X500GR;955,06
25255;MOSTAZA DANICA ORIG.SACHET -196-   X60GR;954,64
7332;JUGO INCA LIGHT ANANA SOBRE-100902-X10GR;953,91
4041;YERBA PERIQUITA BOLSA              X2 KG;953,25
18202;PILA DURACELL C/REM.AAA-415TX4-7384-X4UN;952,01
91440;QUESO REGGIANITO NOAL -013-          XKG;951,40
9282;FIDEO LA TERESINA SPAGUETTI -     X500GR;948,56
7066;VINO SANTA ANA BORGOÐA    -51303-X1.25LT;948,14
4195;YERBA CRUZ DE MALTA-93213-        X500GR;947,53
17371;PAÐAL PAMPERS JUEG./SUEÐOS XG-969-X8UN;946,62
4099;TE GREEN HILLS SAQUITO -816-       X25UN;945,17
90088;YOGUR SANCOR-6406-BEB.FORT.VAINILLA X1KG;945,17
27301;TRAPO PISO RANCHERA GRIS COST.-410-  XUN;944,02
3053;AVENA QUAKER INS.CALCIHIERRO PLUS-X350GR;942,83
8359;TURRON ARCOR -4013-                X25GR;942,70
13416;DESOD.AMB.POETT SUAVIDAD ALG.    -X360CC;941,49
16091;BIZCOCHUELO EXQUISITA CHOC.0%GR.TR.X540G;939,64
20347;JABON TOC.PLUSBELLE PURIF.C/ACEITE-X140G;939,00
41067;SHAMPOO H&S RELAX C/EUCALIP.      X400ML;938,00
7964;JUGO YAP NARANJA-BANANA SOBRE-     X35GR;937,67
1840;MADALENA VALENTE C/DULCE LECHE    X250GR;937,63
27275;REJILLA MEDIA NARANJA MULTIUSO       XUN;937,21
32200;LECHE POLVO SANCOR BEBE 1 -5327-  X800GR;934,72
13756;LIMP.LIQ.PROCENEX 3EN1 LAVANDA    X900ML;934,43
41056;SHAMPOO SEDAL CLIMA RESIST        X200ML;933,79
41436;SHAMPOO DOVE RECON.COMPLETA-235398-X200M;933,54
27253;TRAPO PISO SACCHI GRIS FRISADO 47X57-XUN;927,48
28021;DULCE MEMBRILLO DULCOR CAJON-402-   X5KG;925,82
13434;LIMP.LIQ.JARDIN ANTIB.COLONIA CREM-X900C;923,33
4203;CAFE DOLCA RENOVADO-12168084-     X170GR;913,17
9661;fideo matarazzo fettu.espin-40484-x500gr;912,58
53036;ALIMENTO PERRO DUCHO -              X8KG;911,05
7969;JUGO YAP DURAZNO SOBRE -           X35GR;904,43
13591;DETERGENTE GIGANTE ANT.LLUVIAS FR.X750ML;904,02
13394;LIMP.LIQ.JARDIN ANTIB.ARPEGE CRIS-X900CC;903,86
31926;CREMA DENTAL COLGATE -11134-       X90GR;901,93
90305;LECHE SANCOR BIO ENT.MULTIF-6828 -4X95GR;898,94
90467;MARGARINA DANICA DORADA PAN-874-  X500GR;898,69
90075;LECHE RAMOLAC DESCREMADA SACHET     X1LT;898,21
3141;MAIZ MOLIDO BLANCO JOSE LOPEZ     X500GR;897,69
13537;DESOD.AMB.POETT DEJAVU            X360CC;896,64
9260;CAPELETTINI GIACOMO TRIDICCI -031-X500GR;896,37
93473;QUESO DE CERDO LARIO-73-             XKG;893,27
13813;DETERGENTE GIGANTE T/D/ALMENDRA-  X750ML;893,19
29202;CALDO WILDE GALLINA -27482-         X6UN;889,67
41480;ACOND.PLUSBELLE UVA/F.BCAS C/AMINOB-X1LT;889,37
28240;MERMELADA NOEL LIGHT CIRUELA FCO- X390GR;888,66
7500;JUGO BAGGIO MANZANA ROJA T.B.-607-X200CC;885,32
90456;MARGARINA DANICA DORADA PAN-872-  X100GR;884,14
41266;ACOND.SEDAL CLIMA RESIST          X200ML;880,47
31493;DESOD.PATRICHS AIR-169820-        X105GR;878,22
41997;ACOND.SEDAL SOS CERAMIDAS         X650ML;877,94
77886;JUGO X4 ENERGY DRINK LATA PACK - 4X250CC;871,20
77195;APERITIVO GANCIA           -10001-X450CC;870,22
17338;PAPEL HIG.CAMPANITA SOFT    -103-   X6UN;866,89
29179;CALDO WILDE CARNE        -8209-    X12UN;864,06
41212;TALCO AKTIOL POLVO       -24103-  X100GR;862,40
17543;paÐal huggies classic mp xxg-94759-x24un;861,10
1106;GALLETA FRUTIGRAN SEMIL.CHIA&LINO X240GR;859,83
94903;ACEITUNA VDE DON RICARDO NRO.1-      XKG;859,77
20536;JABON TOC.REXONA-30539-NAT/FRESH  3X125G;857,99
16043;GELATINA EXQUISITA DURAZNO-40979-  X70GR;853,25
27276;FRANELA MEDIA NARANJA CLASICA        XUN;850,84
17116;TOALLA HUMEDA BABYSEC -3103- D.P.  X70UN;848,03
90413;MARGARINA DANICA +LECHE PAN-871-  X500GR;847,84
95020;TALLARIN LA TUCUMANITA HUEVO-VERD.X500GR;847,55
37045;REPUESTO MACH3  -1443-              X2UN;844,69
4264;CAFE DOLCA RENOVADO          X170GR+10GR;844,28
20503;JABON POLVO DRIVE BR.TARDE REG.   X800GR;843,73
9077;FIDEO DON FELIPE AL HUEVO         X500GR;839,90
90259;CREMA LECHE LA SERENISIMA DOB.-123-X200G;839,07
25213;KETCHUP HELLMANNS -131587-          X3KG;836,55
25017;KETCHUP CADA DIA DOY PACK         X250GR;833,17
13792;DETERGENTE CIF AC.GEL LIMON       X300ML;831,62
13329;LAVANDINA AYUDIN M.PZA3X1L+DET.GIG.3X750;831,36
77022;JUGO YAP ANANA SOBRE -             X35GR;830,39
9108;ARROZ GALLO ORO ESTUCHE  -93003-    X1KG;829,29
25299;ketchup fanacoa doy pack   -85418-x250gr;828,44
7252;jugo tang nar/fru/kiwi -           x25gr;827,73
17545;paÐal huggies classic mp xg-6606-  x24un;827,68
4090;CAFE LA VIRGINIA INSTANTANEO      X100GR;826,91
3041;AVENA ARROLLADA LA ESPAÐOLA       X400GR;825,79
13453;DETERGENTE MAGISTRAL MANZANA      X600ML;825,48
20539;JABON TOC.REXONA-30536-SENS/FRESH 3X125G;825,04
90278;CREMA LECHE SANCOR C/VIT.DYE-3306-X200GR;822,73
4058;CAFE LA VIRGINIA INSTANTANEO SOBRE X36UN;821,65
32100;leche condensada nestle-12139737- x397gr;821,21
31491;DESOD.PATRICHS NOIR-169817-       X105GR;821,10
41314;SHAMPOO PANTENE COLOR RADIANTE    X200ML;820,92
90790;LECHE CHOCOLATADA SANCOR UAT-3738-  X1LT;820,55
7315;JUGO CLIGHT MANDARINA-763129-      X10GR;819,74
15013;ENDULZANTE BARNY LIQ. -9201-     X250ML;818,00
17628;ROLLO COCINA CAMPANITA CLASSICC 50P.-X3U;817,84
41958;SHAMPOO SEDAL SOS CREMA           X650ML;817,55
28482;MERMELADA DULCOR FRUTILLA         X500GR;813,62
20472;JABON POLVO ALA MATIC C/VIVERE    X800GR;813,51
20608;JABON POLVO ARIEL BAJA ESP.-8835- X800GR;812,76
37048;MAQ.AF.PRESTOBARBA ULTR.MOVIL-3757-X5UN;811,49
93014;FIAMBRE CERDO COC.DON OTTO           XKG;810,58
17380;PAÐAL BABYSEC CLAS.TANGA GDE HP-253-X40U;810,55
20369;JABON TOC.PLUSBELLE CERAM.ACITES-3X125GR;808,98
41222;CREMA DENTAL KOLYNOS S/BCA-12008- X180GR;806,93
41967;ACOND.SEDAL LISO PERFECTO-937733- X200ML;806,38
20174;JABON TOC.PALMOLIVE NAT.AV/AZU.   X125GR;803,19
41494;SHAMPOO SUAVE LAV.HOJAS BAMBU     X930ML;802,07
27481;ESPONJA DORADA DEA                  X2UN;801,79
27023;ESPONJA ACERO INOX.DEA              X1UN;799,21
31952;DESOD.AXE DARK TEMPTATION         X113GR;798,49
18048;PILA DURACELL CHICA -AA4- -7383-    X4UN;796,73
29216;CALDO WILDE VERDURA      -26206-    X2UN;796,46
27248;FIBRA ESPONJA MORTIMER LISITA-38154- XUN;796,44
17033;PAPEL HIG.CAMPANITA SOFT   -30MT-   X4UN;796,24
41934;CEPILLO DENT.COLG.EX.CLEAN 2X1-63042-XUN;795,00
9044;ARROZ LUCCHETTI PARBOIL -40879- BOL.X1KG;794,64
17424;PAÐAL HUGGIES CLASSIC  PEQ.-96593- X12UN;794,10
13259;DETERGENTE ROPA F.BORITA D.PACK   X150ML;792,54
90437;MARGARINA DANICA SOFT LIG.POTE-881-X200G;792,01
37004;MAQ.AF.PRESTOBARBA 3 HOM.ICE-51940- X8UN;790,57
1145;GALLETA LIA POLVORITA VAIN.-2871- X150GR;790,29
27629;ESPONJA DORADA LIMPEX    -120-      X1UN;790,00
41705;ACOND.PANTENE CONTROL FRIZZ-9120- X400ML;787,28
20504;JABON POLVO DRIVE DISF.ATARD.REG. X800GR;787,09
24173;PREMEZCLA P/PIZZA BLANCAFLOR      X500GR;786,63
17720;PROTECTOR CAREFREE BRISA S/P-99406-X20UN;784,14
13188;LIMPIA INODORO HARPIC E/FUERTE-402-X500C;782,29
9433;FIDEO FAVORITA MOSTAC.RAYADO-49761X500GR;781,27
28155;MERMELADA NOEL DAMASCO FCO-5166-  X454GR;780,53